DATA,BTC,ETH,OTHERS,XRP,SOL,LUNA,DOT,DOGE,ADA
2/1/2021," $33,537.1758 "," $1,369.0405 ", $3.9314 , $0.3715 , $4.6116 , $1.7924 , $16.3758 , $0.0349 , $0.4020 
2/2/2021," $35,510.2891 "," $1,515.1937 ", $4.2831 , $0.3693 , $5.2675 , $2.3405 , $17.2633 , $0.0315 , $0.4262 
2/3/2021," $37,472.0898 "," $1,660.9095 ", $4.9043 , $0.3935 , $5.7160 , $2.1040 , $20.7337 , $0.0371 , $0.4414 
2/4/2021," $36,926.0664 "," $1,594.7627 ", $4.9521 , $0.4464 , $6.4261 , $2.6437 , $19.7022 , $0.0533 , $0.4411 
2/5/2021," $38,144.3086 "," $1,718.6509 ", $5.2483 , $0.4500 , $6.6817 , $2.8703 , $20.9027 , $0.0469 , $0.5379 
2/6/2021," $39,266.0117 "," $1,677.8468 ", $5.0526 , $0.4391 , $6.1108 , $2.6846 , $20.3955 , $0.0576 , $0.6279 
2/7/2021," $38,903.4414 "," $1,614.2278 ", $5.1167 , $0.4180 , $6.7005 , $3.0464 , $19.7936 , $0.0788 , $0.6632 
2/8/2021," $46,196.4648 "," $1,746.6168 ", $6.3183 , $0.4477 , $7.8833 , $5.7856 , $23.0319 , $0.0788 , $0.6825 
2/9/2021," $46,481.1055 "," $1,768.0350 ", $6.4383 , $0.4720 , $7.8168 , $6.4373 , $23.1300 , $0.0701 , $0.7035 
2/10/2021," $44,918.1836 "," $1,744.2434 ", $6.7138 , $0.5034 , $9.0722 , $6.1191 , $23.5851 , $0.0729 , $0.9303 
2/11/2021," $47,909.3320 "," $1,783.7980 ", $6.9088 , $0.5248 , $9.2154 , $5.4847 , $25.2303 , $0.0697 , $0.9277 
2/12/2021," $47,504.8516 "," $1,843.5326 ", $7.5447 , $0.6086 , $9.2470 , $5.7258 , $28.6913 , $0.0701 , $0.9256 
2/13/2021," $47,105.5156 "," $1,814.1099 ", $7.3227 , $0.6290 , $8.7325 , $5.5857 , $28.0167 , $0.0665 , $0.9057 
2/14/2021," $48,717.2891 "," $1,805.0841 ", $7.1652 , $0.5942 , $8.7389 , $5.6512 , $27.0957 , $0.0625 , $0.8484 
2/15/2021," $47,945.0586 "," $1,779.7910 ", $7.2605 , $0.5489 , $8.8617 , $5.4537 , $27.7809 , $0.0566 , $0.8610 
2/16/2021," $49,199.8711 "," $1,781.0675 ", $7.7359 , $0.5208 , $8.2979 , $6.5124 , $30.1599 , $0.0535 , $0.8710 
2/17/2021," $52,149.0078 "," $1,848.4583 ", $8.1648 , $0.5355 , $8.2226 , $7.3038 , $31.9867 , $0.0494 , $0.8909 
2/18/2021," $51,679.7969 "," $1,937.4492 ", $8.0624 , $0.5324 , $8.9805 , $6.7073 , $31.1806 , $0.0595 , $0.9141 
2/19/2021," $55,888.1328 "," $1,960.1648 ", $9.0206 , $0.5670 , $11.4657 , $6.3161 , $34.7922 , $0.0551 , $0.9276 
2/20/2021," $56,099.5195 "," $1,919.5341 ", $9.4840 , $0.5175 , $10.0027 , $5.9643 , $39.2422 , $0.0544 , $1.1230 
2/21/2021," $57,539.9453 "," $1,935.6011 ", $9.7685 , $0.5486 , $11.0855 , $6.1244 , $39.6962 , $0.0560 , $1.1005 
2/22/2021," $54,207.3203 "," $1,781.9929 ", $10.1558 , $0.5717 , $14.4548 , $7.0658 , $37.6895 , $0.0537 , $1.0992 
2/23/2021," $48,824.4258 "," $1,570.2040 ", $9.6151 , $0.4736 , $15.2015 , $6.7127 , $34.3008 , $0.0474 , $0.9547 
2/24/2021," $49,705.3320 "," $1,626.5757 ", $9.8677 , $0.4718 , $17.3027 , $6.6897 , $33.6335 , $0.0566 , $1.0517 
2/25/2021," $47,093.8516 "," $1,475.7037 ", $8.7373 , $0.4345 , $13.8160 , $5.9635 , $31.0807 , $0.0502 , $1.0791 
2/26/2021," $46,339.7617 "," $1,446.0337 ", $8.7582 , $0.4279 , $13.5879 , $5.8958 , $31.3461 , $0.0505 , $1.2411 
2/27/2021," $46,188.4531 "," $1,459.9731 ", $9.0637 , $0.4378 , $13.2012 , $5.9190 , $33.4494 , $0.0501 , $1.3249 
2/28/2021," $45,137.7695 "," $1,416.0490 ", $8.9695 , $0.4150 , $13.0892 , $5.3496 , $33.6073 , $0.0481 , $1.3081 
3/1/2021," $49,631.2422 "," $1,564.7076 ", $9.8470 , $0.4472 , $14.9556 , $6.7511 , $35.5849 , $0.0506 , $1.2924 
3/2/2021," $48,378.9883 "," $1,492.6088 ", $9.7137 , $0.4368 , $13.9589 , $6.4572 , $36.1531 , $0.0503 , $1.2256 
3/3/2021," $50,538.2422 "," $1,575.8531 ", $10.0169 , $0.4503 , $14.1156 , $7.2248 , $37.0433 , $0.0506 , $1.2166 
3/4/2021," $48,561.1680 "," $1,541.9143 ", $9.5964 , $0.4866 , $13.0980 , $7.4984 , $35.3303 , $0.0500 , $1.1149 
3/5/2021," $48,927.3047 "," $1,533.2750 ", $9.4166 , $0.4581 , $12.6104 , $8.4887 , $33.7245 , $0.0496 , $1.1685 
3/6/2021," $48,912.3828 "," $1,654.7416 ", $9.3924 , $0.4651 , $13.0365 , $8.2374 , $33.4337 , $0.0510 , $1.1310 
3/7/2021," $51,206.6914 "," $1,723.1538 ", $9.8317 , $0.4669 , $13.8777 , $8.2712 , $35.1887 , $0.0521 , $1.1334 
3/8/2021," $52,246.5234 "," $1,834.7279 ", $9.9681 , $0.4736 , $13.6022 , $9.6393 , $34.9138 , $0.0619 , $1.1181 
3/9/2021," $54,824.1172 "," $1,868.0488 ", $11.0820 , $0.4860 , $14.8463 , $11.7126 , $38.1942 , $0.0580 , $1.1952 
3/10/2021," $56,008.5508 "," $1,799.1663 ", $10.7666 , $0.4632 , $14.2311 , $11.1474 , $37.5669 , $0.0560 , $1.1350 
3/11/2021," $57,805.1211 "," $1,826.1949 ", $10.8874 , $0.4530 , $15.9923 , $10.8160 , $36.8825 , $0.0559 , $1.1248 
3/12/2021," $57,332.0898 "," $1,772.1024 ", $11.0396 , $0.4411 , $14.5521 , $14.1629 , $35.9870 , $0.0553 , $1.0391 
3/13/2021," $61,243.0859 "," $1,924.6854 ", $11.4464 , $0.4599 , $15.3088 , $14.5863 , $37.1578 , $0.0624 , $1.1033 
3/14/2021," $59,302.3164 "," $1,854.5643 ", $11.4204 , $0.4421 , $14.5083 , $15.8749 , $36.5793 , $0.0586 , $1.0592 
3/15/2021," $55,907.1992 "," $1,791.7023 ", $11.0687 , $0.4376 , $14.1867 , $16.3399 , $34.3575 , $0.0571 , $1.0335 
3/16/2021," $56,804.9023 "," $1,806.9718 ", $11.7831 , $0.4626 , $13.6228 , $19.8808 , $35.4308 , $0.0586 , $1.2430 
3/17/2021," $58,870.8945 "," $1,823.4493 ", $11.8096 , $0.4724 , $14.2202 , $18.5872 , $36.1414 , $0.0577 , $1.3787 
3/18/2021," $57,858.9219 "," $1,782.8551 ", $11.7536 , $0.4729 , $14.2300 , $19.0050 , $35.5172 , $0.0574 , $1.2390 
3/19/2021," $58,346.6523 "," $1,817.6241 ", $12.3869 , $0.4712 , $14.2048 , $20.0120 , $38.2727 , $0.0583 , $1.3022 
3/20/2021," $58,313.6445 "," $1,812.6346 ", $12.3745 , $0.5270 , $14.2120 , $20.8920 , $37.3505 , $0.0590 , $1.2065 
3/21/2021," $57,523.4219 "," $1,788.2170 ", $12.4791 , $0.5198 , $14.3322 , $21.9827 , $36.7936 , $0.0572 , $1.1891 
3/22/2021," $54,529.1445 "," $1,691.3340 ", $11.9344 , $0.5499 , $14.9193 , $19.4349 , $35.5375 , $0.0550 , $1.1099 
3/23/2021," $54,738.9453 "," $1,678.6501 ", $11.2415 , $0.5566 , $14.2048 , $17.0521 , $34.4605 , $0.0536 , $1.1216 
3/24/2021," $52,774.2656 "," $1,593.4135 ", $10.4000 , $0.4888 , $13.6613 , $16.6867 , $30.4364 , $0.0517 , $1.0750 
3/25/2021," $51,704.1602 "," $1,595.3593 ", $10.1884 , $0.5175 , $13.0251 , $16.4527 , $29.9822 , $0.0514 , $1.1016 
3/26/2021," $55,137.3125 "," $1,702.8420 ", $11.3905 , $0.5671 , $14.7794 , $18.5284 , $33.2004 , $0.0540 , $1.2140 
3/27/2021," $55,973.5117 "," $1,716.4946 ", $11.6165 , $0.5504 , $16.5083 , $18.7480 , $32.6610 , $0.0544 , $1.1766 
3/28/2021," $55,950.7461 "," $1,691.3560 ", $11.7829 , $0.5508 , $18.0162 , $18.5874 , $32.2979 , $0.0537 , $1.1911 
3/29/2021," $57,750.1992 "," $1,819.6849 ", $12.3255 , $0.5679 , $18.8548 , $18.8999 , $34.3736 , $0.0541 , $1.2025 
3/30/2021," $58,917.6914 "," $1,846.0337 ", $12.3007 , $0.5669 , $19.2339 , $18.6690 , $34.0669 , $0.0539 , $1.2133 
3/31/2021," $58,918.8320 "," $1,918.3621 ", $12.8356 , $0.5739 , $19.4652 , $18.7006 , $37.0270 , $0.0537 , $1.1933 
4/1/2021," $59,095.8086 "," $1,977.2769 ", $12.8508 , $0.5793 , $19.0849 , $18.5165 , $37.6729 , $0.0620 , $1.1892 
4/2/2021," $59,384.3125 "," $2,143.2256 ", $13.5686 , $0.6166 , $19.8102 , $18.5666 , $41.1643 , $0.0577 , $1.1965 
4/3/2021," $57,603.8906 "," $2,028.4225 ", $14.0267 , $0.5909 , $22.5523 , $18.1419 , $41.6460 , $0.0558 , $1.1733 
4/4/2021," $58,758.5547 "," $2,093.1228 ", $14.8261 , $0.6467 , $24.0613 , $18.3475 , $44.6522 , $0.0574 , $1.1914 
4/5/2021," $59,057.8789 "," $2,107.8872 ", $14.7561 , $0.9205 , $22.9843 , $17.5605 , $45.7972 , $0.0597 , $1.2143 
4/6/2021," $58,192.3594 "," $2,118.3789 ", $14.5894 , $1.0963 , $24.9571 , $16.7332 , $43.4302 , $0.0645 , $1.2554 
4/7/2021," $56,048.9375 "," $1,971.0773 ", $13.9479 , $0.9176 , $26.4781 , $15.4635 , $39.5940 , $0.0590 , $1.1751 
4/8/2021," $58,323.9531 "," $2,088.5737 ", $14.4132 , $1.0528 , $27.0340 , $15.7459 , $41.3660 , $0.0615 , $1.2194 
4/9/2021," $58,245.0039 "," $2,072.1089 ", $14.4319 , $1.0208 , $27.7783 , $15.6776 , $40.8493 , $0.0617 , $1.2035 
4/10/2021," $59,793.2344 "," $2,135.9421 ", $14.4395 , $1.3744 , $26.8414 , $15.5125 , $41.6262 , $0.0638 , $1.2188 
4/11/2021," $60,204.9648 "," $2,157.6570 ", $14.5332 , $1.3605 , $27.9319 , $15.1420 , $41.4234 , $0.0746 , $1.2667 
4/12/2021," $59,893.4531 "," $2,139.3533 ", $14.4173 , $1.4677 , $28.5121 , $14.6397 , $40.4975 , $0.0708 , $1.3161 
4/13/2021," $63,503.4570 "," $2,299.1877 ", $14.8835 , $1.7940 , $27.4356 , $15.6182 , $42.9479 , $0.0934 , $1.4118 
4/14/2021," $63,109.6953 "," $2,435.1050 ", $14.6391 , $1.8392 , $26.4751 , $15.3022 , $42.6408 , $0.1215 , $1.4554 
4/15/2021," $63,314.0117 "," $2,519.1162 ", $15.2752 , $1.7661 , $27.8183 , $16.8869 , $43.5160 , $0.1822 , $1.4816 
4/16/2021," $61,572.7891 "," $2,431.9465 ", $14.3457 , $1.5575 , $25.3974 , $15.7984 , $41.5380 , $0.3659 , $1.4169 
4/17/2021," $60,683.8203 "," $2,344.8950 ", $14.3673 , $1.5601 , $25.0999 , $15.3391 , $42.5360 , $0.2842 , $1.3849 
4/18/2021," $56,216.1836 "," $2,237.1370 ", $14.3418 , $1.4060 , $32.3029 , $13.3983 , $37.3474 , $0.3205 , $1.2755 
4/19/2021," $55,724.2656 "," $2,166.1887 ", $13.8865 , $1.3150 , $31.6759 , $13.9063 , $34.8167 , $0.4073 , $1.1980 
4/20/2021," $56,473.0313 "," $2,330.2109 ", $13.9359 , $1.3833 , $31.7701 , $13.4321 , $35.4444 , $0.3195 , $1.2659 
4/21/2021," $53,906.0898 "," $2,364.7517 ", $13.7459 , $1.2965 , $32.5130 , $13.2812 , $33.8710 , $0.3069 , $1.2067 
4/22/2021," $51,762.2734 "," $2,403.5352 ", $14.6810 , $1.1597 , $38.8798 , $13.6499 , $32.9885 , $0.2610 , $1.1470 
4/23/2021," $51,093.6523 "," $2,363.5862 ", $14.3103 , $1.1697 , $36.9784 , $14.0815 , $32.2280 , $0.2485 , $1.1557 
4/24/2021," $50,050.8672 "," $2,211.6257 ", $14.6100 , $1.0487 , $40.7373 , $15.5694 , $28.9328 , $0.2702 , $1.1014 
4/25/2021," $49,004.2539 "," $2,316.0596 ", $16.1942 , $1.0323 , $47.3676 , $17.6634 , $29.7625 , $0.2511 , $1.0883 
4/26/2021," $54,021.7539 "," $2,534.4817 ", $16.3122 , $1.3685 , $43.9765 , $17.6170 , $33.4066 , $0.2707 , $1.2340 
4/27/2021," $55,033.1172 "," $2,662.8652 ", $16.4406 , $1.4010 , $43.2390 , $17.7211 , $34.7032 , $0.2722 , $1.3069 
4/28/2021," $54,824.7031 "," $2,746.3801 ", $16.4383 , $1.3586 , $44.8260 , $16.8186 , $33.9676 , $0.3237 , $1.3357 
4/29/2021," $53,555.1094 "," $2,756.8770 ", $16.2797 , $1.3994 , $42.4605 , $16.2368 , $35.9682 , $0.3052 , $1.3080 
4/30/2021," $57,750.1758 "," $2,773.2070 ", $16.5776 , $1.5917 , $42.9560 , $16.6874 , $36.5407 , $0.3376 , $1.3524 
5/1/2021," $57,828.0508 "," $2,945.8928 ", $17.7294 , $1.6510 , $49.5080 , $16.5416 , $36.9297 , $0.3930 , $1.3531 
5/2/2021," $56,631.0781 "," $2,952.0562 ", $17.3260 , $1.5626 , $46.8910 , $17.1451 , $36.6545 , $0.3760 , $1.3268 
5/3/2021," $57,200.2930 "," $3,431.0862 ", $17.3056 , $1.5560 , $45.9337 , $17.2848 , $37.2552 , $0.4417 , $1.3620 
5/4/2021," $53,333.5391 "," $3,253.6294 ", $16.1880 , $1.3924 , $42.7296 , $16.3374 , $34.8535 , $0.5413 , $1.2741 
5/5/2021," $57,424.0078 "," $3,522.7832 ", $17.6973 , $1.6145 , $44.9236 , $17.0178 , $40.4950 , $0.6576 , $1.4755 
5/6/2021," $56,396.5156 "," $3,490.8804 ", $17.5982 , $1.6006 , $43.4557 , $16.7683 , $41.5335 , $0.5808 , $1.6501 
5/7/2021," $57,356.4023 "," $3,484.7290 ", $17.2646 , $1.5818 , $43.1550 , $16.5828 , $39.9299 , $0.6848 , $1.6535 
5/8/2021," $58,803.7773 "," $3,902.6477 ", $17.6996 , $1.5626 , $45.5615 , $16.9850 , $39.8327 , $0.6364 , $1.6196 
5/9/2021," $58,232.3164 "," $3,928.8447 ", $17.5855 , $1.5353 , $44.3302 , $16.9938 , $40.3128 , $0.5701 , $1.7706 
5/10/2021," $55,859.7969 "," $3,952.2939 ", $16.4673 , $1.3890 , $42.9096 , $15.8689 , $36.5418 , $0.4500 , $1.6447 
5/11/2021," $56,704.5742 "," $4,168.7012 ", $17.2113 , $1.4777 , $44.5775 , $16.3112 , $38.6423 , $0.4952 , $1.7641 
5/12/2021," $49,150.5352 "," $3,785.8486 ", $15.6916 , $1.2479 , $42.4573 , $14.4752 , $34.0314 , $0.3854 , $1.5528 
5/13/2021," $49,716.1914 "," $3,715.1484 ", $16.7847 , $1.3589 , $40.9979 , $15.8956 , $40.0317 , $0.4904 , $1.9337 
5/14/2021," $49,880.5352 "," $4,079.0574 ", $18.5060 , $1.4029 , $42.7179 , $16.4051 , $47.9459 , $0.5596 , $2.0048 
5/15/2021," $46,760.1875 "," $3,638.1221 ", $17.7308 , $1.4859 , $43.4613 , $15.2172 , $43.5386 , $0.5080 , $2.1740 
5/16/2021," $46,456.0586 "," $3,587.5061 ", $18.3819 , $1.4526 , $47.2008 , $16.1824 , $42.6315 , $0.5149 , $2.3091 
5/17/2021," $43,537.5117 "," $3,282.3977 ", $17.4246 , $1.4963 , $46.8632 , $14.9576 , $38.7102 , $0.4879 , $2.0322 
5/18/2021," $42,909.4023 "," $3,380.0701 ", $19.3885 , $1.5907 , $55.9110 , $15.7043 , $40.6454 , $0.4761 , $2.0037 
5/19/2021," $37,002.4414 "," $2,460.6792 ", $12.1441 , $1.0703 , $35.1072 , $9.6441 , $25.2271 , $0.3331 , $1.4825 
5/20/2021," $40,782.7383 "," $2,784.2942 ", $14.6159 , $1.1855 , $44.7427 , $10.4057 , $29.1506 , $0.4002 , $1.8105 
5/21/2021," $37,304.6914 "," $2,430.6213 ", $12.4102 , $1.0070 , $38.8129 , $8.2660 , $24.4640 , $0.3594 , $1.5523 
5/22/2021," $37,536.6328 "," $2,295.7056 ", $10.4376 , $0.9063 , $31.3156 , $6.5831 , $22.0145 , $0.3424 , $1.4636 
5/23/2021," $34,770.5820 "," $2,109.5798 ", $8.2094 , $0.7970 , $24.6887 , $4.1077 , $18.0294 , $0.3081 , $1.3254 
5/24/2021," $38,705.9805 "," $2,643.5911 ", $10.6637 , $0.9928 , $31.2836 , $6.5908 , $23.1991 , $0.3662 , $1.5495 
5/25/2021," $38,402.2227 "," $2,706.6289 ", $10.2740 , $0.9762 , $29.9971 , $6.6387 , $22.1301 , $0.3463 , $1.5554 
5/26/2021," $39,294.1992 "," $2,888.6987 ", $11.7656 , $1.0337 , $35.5398 , $7.3342 , $24.5497 , $0.3537 , $1.7827 
5/27/2021," $38,436.9688 "," $2,736.4885 ", $11.1733 , $0.9702 , $33.5846 , $6.6534 , $23.8530 , $0.3329 , $1.6460 
5/28/2021," $35,697.6055 "," $2,419.9063 ", $9.8452 , $0.9001 , $29.0393 , $5.8983 , $21.4101 , $0.3112 , $1.5120 
5/29/2021," $34,616.0664 "," $2,279.5142 ", $9.2120 , $0.8318 , $27.3764 , $5.4908 , $19.8634 , $0.3031 , $1.4062 
5/30/2021," $35,678.1289 "," $2,390.3054 ", $9.6802 , $0.9066 , $28.6027 , $6.2182 , $20.4740 , $0.3022 , $1.5773 
5/31/2021," $37,332.8555 "," $2,714.9453 ", $10.9876 , $1.0466 , $32.8162 , $6.5635 , $23.4309 , $0.3258 , $1.7428 
6/1/2021," $36,684.9258 "," $2,633.5183 ", $10.5360 , $1.0110 , $30.9853 , $6.3040 , $22.8108 , $0.3701 , $1.7348 
6/2/2021," $37,575.1797 "," $2,706.1250 ", $11.6593 , $1.0244 , $33.9563 , $6.8414 , $25.9577 , $0.4234 , $1.7528 
6/3/2021," $39,208.7656 "," $2,855.1265 ", $12.9071 , $1.0453 , $39.4709 , $7.6726 , $27.0135 , $0.4000 , $1.8405 
6/4/2021," $36,894.4063 "," $2,688.1951 ", $11.9778 , $0.9702 , $37.4151 , $6.3857 , $25.0083 , $0.3763 , $1.7109 
6/5/2021," $35,551.9570 "," $2,630.5769 ", $12.0687 , $0.9233 , $39.5854 , $6.0553 , $23.8168 , $0.3722 , $1.6590 
6/6/2021," $35,862.3789 "," $2,715.0928 ", $12.6258 , $0.9453 , $42.3084 , $6.2492 , $24.2016 , $0.3718 , $1.6782 
6/7/2021," $33,560.7070 "," $2,590.2632 ", $11.3716 , $0.8612 , $38.2623 , $5.5841 , $21.6270 , $0.3311 , $1.5641 
6/8/2021," $33,472.6328 "," $2,517.4387 ", $11.9457 , $0.8758 , $41.5178 , $5.6199 , $21.7453 , $0.3277 , $1.5880 
6/9/2021," $37,345.1211 "," $2,608.2671 ", $12.3535 , $0.9200 , $42.0318 , $6.0163 , $23.1849 , $0.3433 , $1.6248 
6/10/2021," $36,702.5977 "," $2,471.5186 ", $12.1080 , $0.8692 , $41.0987 , $6.1370 , $22.6848 , $0.3264 , $1.5319 
6/11/2021," $37,334.3984 "," $2,353.7688 ", $10.8646 , $0.8485 , $36.0461 , $5.5515 , $20.9859 , $0.3194 , $1.4364 
6/12/2021," $35,552.5156 "," $2,372.4844 ", $10.8902 , $0.8327 , $36.4417 , $5.4975 , $20.7770 , $0.3121 , $1.4802 
6/13/2021," $39,097.8594 "," $2,508.3916 ", $11.6141 , $0.8832 , $38.7704 , $6.0721 , $22.0763 , $0.3244 , $1.5584 
6/14/2021," $40,218.4766 "," $2,537.8911 ", $11.6260 , $0.8929 , $38.7131 , $6.0376 , $22.2054 , $0.3321 , $1.5751 
6/15/2021," $40,406.2695 "," $2,610.9368 ", $12.5533 , $0.8898 , $41.1536 , $6.5891 , $24.7608 , $0.3284 , $1.5978 
6/16/2021," $38,347.0625 "," $2,367.6636 ", $11.9122 , $0.8319 , $39.7036 , $6.1749 , $22.9722 , $0.3078 , $1.4826 
6/17/2021," $38,053.5039 "," $2,372.0020 ", $11.7601 , $0.8414 , $39.2646 , $6.1546 , $22.5115 , $0.3065 , $1.4822 
6/18/2021," $35,787.2461 "," $2,231.7332 ", $11.0786 , $0.7976 , $36.6488 , $5.9174 , $21.3989 , $0.2935 , $1.4154 
6/19/2021," $35,615.8711 "," $2,178.4990 ", $10.6520 , $0.7617 , $35.3534 , $5.7632 , $20.3559 , $0.2874 , $1.3906 
6/20/2021," $35,698.2969 "," $2,246.3645 ", $10.7287 , $0.7764 , $35.3220 , $5.8915 , $20.6724 , $0.2809 , $1.4292 
6/21/2021," $31,676.6934 "," $1,888.4475 ", $8.2060 , $0.6104 , $26.6574 , $4.8422 , $15.7699 , $0.1787 , $1.1775 
6/22/2021," $32,505.6602 "," $1,874.9501 ", $8.0043 , $0.5451 , $26.7719 , $4.7119 , $14.6524 , $0.1910 , $1.1533 
6/23/2021," $33,723.0273 "," $1,989.7363 ", $8.9259 , $0.6265 , $30.0489 , $5.2526 , $16.1425 , $0.2322 , $1.2529 
6/24/2021," $34,662.4375 "," $1,988.4563 ", $9.1967 , $0.6720 , $31.1810 , $5.4544 , $16.2537 , $0.2628 , $1.3561 
6/25/2021," $31,637.7793 "," $1,813.2173 ", $8.3898 , $0.6133 , $28.6989 , $5.0631 , $14.4677 , $0.2392 , $1.2565 
6/26/2021," $32,186.2773 "," $1,829.2393 ", $8.5875 , $0.6154 , $29.7129 , $5.2019 , $14.4996 , $0.2448 , $1.2504 
6/27/2021," $34,649.6445 "," $1,978.8947 ", $9.0987 , $0.6469 , $31.9294 , $5.4009 , $15.0156 , $0.2645 , $1.3352 
6/28/2021," $34,434.3359 "," $2,079.6575 ", $9.4039 , $0.6437 , $32.9278 , $5.5296 , $15.7404 , $0.2569 , $1.3248 
6/29/2021," $35,867.7773 "," $2,160.7683 ", $9.7399 , $0.7017 , $33.8668 , $5.9864 , $16.2534 , $0.2628 , $1.3684 
6/30/2021," $35,040.8359 "," $2,274.5476 ", $10.1375 , $0.7064 , $35.5564 , $6.5224 , $16.4022 , $0.2542 , $1.3835 
7/1/2021," $33,572.1172 "," $2,113.6055 ", $9.4743 , $0.6612 , $33.4040 , $5.9215 , $15.2790 , $0.2445 , $1.3356 
7/2/2021," $33,897.0469 "," $2,150.0403 ", $9.5640 , $0.6568 , $34.0205 , $5.7262 , $15.3408 , $0.2453 , $1.3944 
7/3/2021," $34,668.5469 "," $2,226.1143 ", $9.6946 , $0.6729 , $34.4788 , $5.8091 , $15.5537 , $0.2464 , $1.4068 
7/4/2021," $35,287.7813 "," $2,321.7241 ", $9.7829 , $0.6949 , $34.3106 , $5.9733 , $16.0140 , $0.2465 , $1.4582 
7/5/2021," $33,746.0039 "," $2,198.5825 ", $9.4248 , $0.6543 , $32.9846 , $6.0379 , $15.2356 , $0.2316 , $1.4049 
7/6/2021," $34,235.1953 "," $2,324.6794 ", $9.8768 , $0.6654 , $34.2691 , $6.5303 , $16.1436 , $0.2344 , $1.4181 
7/7/2021," $33,855.3281 "," $2,315.1619 ", $10.4697 , $0.6516 , $36.5914 , $7.0901 , $16.8578 , $0.2241 , $1.4031 
7/8/2021," $32,877.3711 "," $2,120.0264 ", $9.5677 , $0.6231 , $33.2037 , $6.7039 , $15.3377 , $0.2076 , $1.3301 
7/9/2021," $33,798.0117 "," $2,146.6924 ", $9.8723 , $0.6368 , $33.2646 , $8.0938 , $15.6693 , $0.2199 , $1.3495 
7/10/2021," $33,520.5195 "," $2,111.4036 ", $9.5250 , $0.6255 , $31.7886 , $7.8951 , $15.2908 , $0.2139 , $1.3361 
7/11/2021," $34,240.1875 "," $2,139.6648 ", $9.7137 , $0.6359 , $32.1778 , $8.4223 , $15.4824 , $0.2159 , $1.3481 
7/12/2021," $33,155.8477 "," $2,036.7211 ", $9.2944 , $0.6302 , $30.8481 , $7.8917 , $14.8731 , $0.2080 , $1.3151 
7/13/2021," $32,702.0254 "," $1,940.0840 ", $8.7498 , $0.6195 , $29.1212 , $7.1034 , $14.1897 , $0.2000 , $1.2651 
7/14/2021," $32,822.3477 "," $1,994.3313 ", $9.0132 , $0.6203 , $31.2810 , $6.9190 , $13.7996 , $0.1973 , $1.2623 
7/15/2021," $31,780.7305 "," $1,911.1757 ", $8.3591 , $0.5969 , $28.4521 , $6.6125 , $13.0848 , $0.1849 , $1.2232 
7/16/2021," $31,421.5391 "," $1,880.3829 ", $7.8233 , $0.5908 , $26.3700 , $6.5790 , $12.0538 , $0.1723 , $1.1737 
7/17/2021," $31,533.0684 "," $1,898.8252 ", $7.9056 , $0.5824 , $26.7217 , $6.4788 , $12.2922 , $0.1861 , $1.1723 
7/18/2021," $31,796.8105 "," $1,895.5521 ", $7.9807 , $0.5879 , $26.7519 , $6.4963 , $12.6821 , $0.1822 , $1.1837 
7/19/2021," $30,817.8320 "," $1,817.2966 ", $7.2798 , $0.5576 , $24.4476 , $5.9540 , $11.4253 , $0.1736 , $1.1211 
7/20/2021," $29,807.3477 "," $1,787.5107 ", $7.0164 , $0.5293 , $23.4896 , $5.8710 , $10.9812 , $0.1708 , $1.0563 
7/21/2021," $32,110.6934 "," $1,990.9708 ", $7.9110 , $0.5700 , $26.6231 , $6.6088 , $12.3059 , $0.1903 , $1.1681 
7/22/2021," $32,313.1055 "," $2,025.2028 ", $8.3633 , $0.5922 , $27.7021 , $7.3467 , $13.1615 , $0.1913 , $1.1862 
7/23/2021," $33,581.5508 "," $2,124.7766 ", $8.6413 , $0.6092 , $28.5139 , $7.9259 , $13.3980 , $0.1948 , $1.2063 
7/24/2021," $34,292.4453 "," $2,189.2188 ", $8.8392 , $0.6098 , $28.7026 , $8.4863 , $13.8053 , $0.1973 , $1.2335 
7/25/2021," $35,350.1875 "," $2,191.3738 ", $8.6947 , $0.6064 , $28.1688 , $8.2539 , $13.7126 , $0.1979 , $1.2285 
7/26/2021," $37,337.5352 "," $2,233.3667 ", $8.8111 , $0.6256 , $28.3066 , $8.5199 , $13.9517 , $0.2044 , $1.2585 
7/27/2021," $39,406.9414 "," $2,298.3335 ", $9.0130 , $0.6446 , $28.0653 , $9.5078 , $14.3761 , $0.2059 , $1.2784 
7/28/2021," $39,995.9063 "," $2,296.5454 ", $9.2558 , $0.7254 , $27.8154 , $10.9663 , $14.5388 , $0.2054 , $1.2835 
7/29/2021," $40,008.4219 "," $2,380.9568 ", $9.9665 , $0.7480 , $31.2811 , $11.0441 , $15.2369 , $0.2046 , $1.2841 
7/30/2021," $42,235.5469 "," $2,466.9614 ", $10.2246 , $0.7521 , $32.3939 , $10.8454 , $15.8385 , $0.2088 , $1.3090 
7/31/2021," $41,626.1953 "," $2,536.2100 ", $11.1184 , $0.7478 , $36.8273 , $10.7572 , $16.8472 , $0.2083 , $1.3223 
8/1/2021," $39,974.8945 "," $2,561.8521 ", $11.1408 , $0.7259 , $34.2544 , $11.9282 , $18.4140 , $0.2044 , $1.3177 
8/2/2021," $39,201.9453 "," $2,610.1533 ", $10.9703 , $0.7392 , $33.2224 , $12.3294 , $18.0173 , $0.2036 , $1.3101 
8/3/2021," $38,152.9805 "," $2,502.3496 ", $11.3877 , $0.7127 , $33.9964 , $14.7190 , $17.3368 , $0.1960 , $1.3650 
8/4/2021," $39,747.5039 "," $2,724.6199 ", $11.9581 , $0.7305 , $35.7636 , $14.5131 , $19.1631 , $0.2015 , $1.3766 
8/5/2021," $40,869.5547 "," $2,827.3289 ", $12.2271 , $0.7332 , $37.3551 , $14.5546 , $19.1324 , $0.2010 , $1.3861 
8/6/2021," $42,816.5000 "," $2,890.9417 ", $12.7830 , $0.7465 , $39.4461 , $14.4984 , $20.4007 , $0.2047 , $1.4018 
8/7/2021," $44,555.8008 "," $3,157.2388 ", $12.9177 , $0.8163 , $39.4035 , $14.5883 , $20.9671 , $0.2603 , $1.4707 
8/8/2021," $43,798.1172 "," $3,013.7327 ", $12.2018 , $0.7787 , $37.6738 , $13.4145 , $19.6761 , $0.2400 , $1.4278 
8/9/2021," $46,365.4023 "," $3,167.8562 ", $12.6519 , $0.8186 , $38.7678 , $13.9695 , $20.6210 , $0.2569 , $1.4776 
8/10/2021," $45,585.0313 "," $3,141.6912 ", $13.4628 , $0.8512 , $40.6398 , $16.7476 , $20.6080 , $0.2573 , $1.6726 
8/11/2021," $45,593.6367 "," $3,164.2451 ", $13.8736 , $1.0125 , $41.7441 , $17.0195 , $21.4024 , $0.2653 , $1.7980 
8/12/2021," $44,428.2891 "," $3,043.4143 ", $13.5792 , $0.9645 , $41.0994 , $16.5690 , $20.7548 , $0.2639 , $1.8239 
8/13/2021," $47,793.3203 "," $3,322.2117 ", $14.8204 , $1.0900 , $44.8945 , $17.8011 , $22.7141 , $0.2868 , $2.1361 
8/14/2021," $47,096.9453 "," $3,265.4434 ", $14.6903 , $1.2804 , $44.1129 , $17.4029 , $22.8610 , $0.2931 , $2.1917 
8/15/2021," $47,047.0039 "," $3,310.5042 ", $16.6671 , $1.2882 , $53.7452 , $19.2848 , $23.1740 , $0.3414 , $2.1692 
8/16/2021," $46,004.4844 "," $3,156.5095 ", $18.7600 , $1.1910 , $62.4325 , $22.0005 , $24.5359 , $0.3207 , $2.0794 
8/17/2021," $44,695.3594 "," $3,014.8459 ", $19.3839 , $1.0982 , $64.2107 , $25.2350 , $23.5336 , $0.2994 , $1.9266 
8/18/2021," $44,801.1875 "," $3,020.0898 ", $21.8153 , $1.1461 , $72.5433 , $30.8418 , $23.9481 , $0.3037 , $2.1086 
8/19/2021," $46,717.5781 "," $3,182.7021 ", $22.1135 , $1.2328 , $72.7576 , $29.3969 , $26.5486 , $0.3171 , $2.4281 
8/20/2021," $49,339.1758 "," $3,286.9353 ", $23.5954 , $1.2632 , $78.7246 , $30.6525 , $28.1470 , $0.3275 , $2.4577 
8/21/2021," $48,905.4922 "," $3,226.0840 ", $22.1916 , $1.2165 , $73.7562 , $27.5512 , $27.8733 , $0.3168 , $2.4354 
8/22/2021," $49,321.6523 "," $3,242.1155 ", $22.1384 , $1.2277 , $72.8039 , $28.0333 , $27.7369 , $0.3150 , $2.7137 
8/23/2021," $49,546.1484 "," $3,319.2573 ", $22.9998 , $1.2473 , $75.7080 , $29.9169 , $27.8913 , $0.3179 , $2.9174 
8/24/2021," $47,706.1172 "," $3,172.4563 ", $21.5951 , $1.1374 , $70.6709 , $29.6712 , $25.0814 , $0.2887 , $2.7211 
8/25/2021," $48,960.7891 "," $3,224.9153 ", $22.0132 , $1.1725 , $71.9516 , $29.9896 , $25.9354 , $0.2922 , $2.7381 
8/26/2021," $46,942.2188 "," $3,100.3254 ", $21.6978 , $1.0753 , $75.3162 , $27.0093 , $23.9815 , $0.2689 , $2.5355 
8/27/2021," $49,058.6680 "," $3,270.6008 ", $25.2909 , $1.1885 , $88.0870 , $32.6613 , $26.5698 , $0.2944 , $2.9442 
8/28/2021," $48,902.4023 "," $3,244.4033 ", $26.9846 , $1.1455 , $96.7032 , $34.9592 , $25.9667 , $0.2856 , $2.8475 
8/29/2021," $48,829.8320 "," $3,227.0027 ", $26.3020 , $1.1408 , $94.4697 , $33.3312 , $25.7329 , $0.2811 , $2.8560 
8/30/2021," $47,054.9844 "," $3,224.3743 ", $29.0274 , $1.1014 , $110.5448 , $33.4682 , $26.0447 , $0.2721 , $2.7332 
8/31/2021," $47,166.6875 "," $3,433.7327 ", $29.2924 , $1.1876 , $108.4838 , $31.5624 , $31.4700 , $0.2785 , $2.7725 
9/1/2021," $48,847.0273 "," $3,834.8281 ", $30.0392 , $1.2349 , $111.0330 , $31.6626 , $33.1395 , $0.2944 , $2.8708 
9/2/2021," $49,327.7227 "," $3,790.9900 ", $32.8830 , $1.2563 , $128.1024 , $32.8650 , $31.8147 , $0.2960 , $2.9634 
9/3/2021," $50,025.3750 "," $3,940.6147 ", $36.0925 , $1.2914 , $146.5831 , $31.7419 , $33.6743 , $0.2963 , $2.9682 
9/4/2021," $49,944.6250 "," $3,887.8284 ", $34.5541 , $1.2558 , $139.1131 , $31.4062 , $32.4175 , $0.2994 , $2.8328 
9/5/2021," $51,753.4102 "," $3,952.1335 ", $35.9162 , $1.3055 , $142.0709 , $34.4868 , $34.4088 , $0.3145 , $2.9108 
9/6/2021," $52,633.5352 "," $3,928.3794 ", $39.2627 , $1.3894 , $164.3809 , $32.3540 , $34.3112 , $0.3088 , $2.8319 
9/7/2021," $46,811.1289 "," $3,426.3943 ", $38.7743 , $1.1251 , $173.1489 , $27.7899 , $27.8257 , $0.2537 , $2.5025 
9/8/2021," $46,091.3906 "," $3,497.3152 ", $42.0016 , $1.1007 , $191.0414 , $29.4265 , $27.7088 , $0.2571 , $2.4750 
9/9/2021," $46,391.4219 "," $3,427.3401 ", $42.0672 , $1.0894 , $188.1958 , $30.5119 , $29.8356 , $0.2526 , $2.5177 
9/10/2021," $44,883.9102 "," $3,211.5059 ", $42.7181 , $1.0573 , $179.8652 , $43.5447 , $29.2154 , $0.2400 , $2.3859 
9/11/2021," $45,201.4570 "," $3,270.2781 ", $42.2518 , $1.0799 , $178.8679 , $39.0931 , $31.5946 , $0.2414 , $2.6340 
9/12/2021," $46,063.2695 "," $3,410.1345 ", $42.2488 , $1.1196 , $174.5376 , $39.2287 , $35.7743 , $0.2506 , $2.5817 
9/13/2021," $44,963.0742 "," $3,285.5117 ", $40.8217 , $1.0647 , $169.2695 , $37.1916 , $34.7680 , $0.2359 , $2.4007 
9/14/2021," $47,092.4922 "," $3,429.1697 ", $39.1450 , $1.0966 , $158.0948 , $35.6666 , $37.3758 , $0.2407 , $2.3956 
9/15/2021," $48,176.3477 "," $3,615.2827 ", $39.3568 , $1.1214 , $159.1174 , $36.6892 , $36.4634 , $0.2477 , $2.5016 
9/16/2021," $47,783.3594 "," $3,571.2949 ", $38.2165 , $1.0915 , $152.4741 , $37.5225 , $35.5476 , $0.2426 , $2.4210 
9/17/2021," $47,267.5195 "," $3,398.5388 ", $36.4487 , $1.0656 , $147.5931 , $34.4257 , $33.0214 , $0.2399 , $2.3464 
9/18/2021," $48,278.3633 "," $3,432.0183 ", $40.4253 , $1.0757 , $169.1842 , $34.7816 , $34.8989 , $0.2414 , $2.3700 
9/19/2021," $47,260.2188 "," $3,329.4480 ", $37.1407 , $1.0484 , $152.5167 , $32.9622 , $33.8013 , $0.2331 , $2.2823 
9/20/2021," $42,843.8008 "," $2,958.9934 ", $31.7653 , $0.9172 , $132.1345 , $27.2174 , $28.0518 , $0.2071 , $2.0640 
9/21/2021," $40,693.6758 "," $2,764.4312 ", $29.7473 , $0.8763 , $123.9504 , $25.1523 , $26.3165 , $0.2010 , $1.9870 
9/22/2021," $43,574.5078 "," $3,077.8679 ", $36.0508 , $1.0041 , $147.9243 , $33.2738 , $31.6118 , $0.2249 , $2.2662 
9/23/2021," $44,895.0977 "," $3,155.5237 ", $37.1765 , $1.0020 , $149.7536 , $36.2028 , $33.5447 , $0.2248 , $2.3309 
9/24/2021," $42,839.7500 "," $2,931.6692 ", $35.6460 , $0.9459 , $139.3956 , $40.2015 , $30.8423 , $0.2095 , $2.2813 
9/25/2021," $42,716.5938 "," $2,925.5657 ", $34.5636 , $0.9413 , $136.1789 , $37.9082 , $29.8432 , $0.2086 , $2.3015 
9/26/2021," $43,208.5391 "," $3,062.2654 ", $33.7551 , $0.9447 , $135.6994 , $34.6446 , $28.8287 , $0.2050 , $2.2085 
9/27/2021," $42,235.7305 "," $2,934.1389 ", $34.1112 , $0.9237 , $136.7284 , $36.9067 , $27.7721 , $0.2003 , $2.1359 
9/28/2021," $41,034.5430 "," $2,807.2966 ", $32.3608 , $0.8937 , $131.5372 , $33.1639 , $26.3338 , $0.1968 , $2.0391 
9/29/2021," $41,564.3633 "," $2,853.1433 ", $33.3341 , $0.9283 , $135.3515 , $34.1862 , $27.2743 , $0.1989 , $2.0657 
9/30/2021," $43,790.8945 "," $3,001.6790 ", $35.2538 , $0.9526 , $141.0690 , $38.6017 , $28.5806 , $0.2042 , $2.1145 
10/1/2021," $48,116.9414 "," $3,307.5161 ", $39.1521 , $1.0426 , $161.6824 , $37.7375 , $31.9688 , $0.2230 , $2.2581 
10/2/2021," $47,711.4883 "," $3,391.6943 ", $41.0335 , $1.0387 , $169.0930 , $41.4769 , $32.1221 , $0.2191 , $2.2515 
10/3/2021," $48,199.9531 "," $3,418.3586 ", $41.8278 , $1.0552 , $172.5892 , $42.7425 , $32.1053 , $0.2217 , $2.2529 
10/4/2021," $49,112.9023 "," $3,380.0891 ", $41.3284 , $1.0430 , $166.7319 , $46.7234 , $31.0421 , $0.2409 , $2.1892 
10/5/2021," $51,514.8125 "," $3,518.5186 ", $40.6371 , $1.0855 , $164.1158 , $44.7087 , $31.4275 , $0.2520 , $2.2331 
10/6/2021," $55,361.4492 "," $3,580.5620 ", $38.6485 , $1.0777 , $154.1077 , $41.9487 , $32.2896 , $0.2551 , $2.2122 
10/7/2021," $53,805.9844 "," $3,587.9749 ", $39.7311 , $1.0680 , $154.2812 , $46.5430 , $33.9745 , $0.2429 , $2.2770 
10/8/2021," $53,967.8477 "," $3,563.7593 ", $39.8587 , $1.0629 , $158.9492 , $43.2862 , $33.3729 , $0.2439 , $2.2372 
10/9/2021," $54,968.2227 "," $3,575.7168 ", $39.8833 , $1.1599 , $156.8258 , $42.4734 , $36.3274 , $0.2466 , $2.2666 
10/10/2021," $54,771.5781 "," $3,425.8528 ", $37.5757 , $1.1385 , $148.0487 , $39.3735 , $34.4664 , $0.2298 , $2.1972 
10/11/2021," $57,484.7891 "," $3,545.3540 ", $36.9659 , $1.1379 , $144.8581 , $39.2101 , $34.1846 , $0.2315 , $2.1734 
10/12/2021," $56,041.0586 "," $3,492.5732 ", $38.1570 , $1.1019 , $152.7371 , $37.5978 , $35.1598 , $0.2262 , $2.1192 
10/13/2021," $57,401.0977 "," $3,606.2017 ", $38.3266 , $1.1284 , $148.1760 , $36.6166 , $41.6169 , $0.2326 , $2.1891 
10/14/2021," $57,321.5234 "," $3,786.0142 ", $38.5330 , $1.1323 , $149.7568 , $37.1513 , $40.7551 , $0.2323 , $2.1704 
10/15/2021," $61,593.9492 "," $3,862.6348 ", $41.0486 , $1.1406 , $162.5962 , $36.9495 , $43.1571 , $0.2338 , $2.2147 
10/16/2021," $60,892.1797 "," $3,830.3821 ", $39.9065 , $1.1351 , $157.5388 , $36.5924 , $41.7576 , $0.2373 , $2.1777 
10/17/2021," $61,553.6172 "," $3,847.1045 ", $40.2492 , $1.0935 , $159.7438 , $36.1890 , $42.0740 , $0.2379 , $2.1570 
10/18/2021," $62,026.0781 "," $3,748.7603 ", $39.6159 , $1.0838 , $157.2313 , $35.8211 , $41.1837 , $0.2473 , $2.1283 
10/19/2021," $64,261.9922 "," $3,877.6509 ", $39.7642 , $1.0921 , $156.0170 , $37.7336 , $41.3840 , $0.2458 , $2.1130 
10/20/2021," $65,992.8359 "," $4,155.9922 ", $44.4054 , $1.1423 , $175.9469 , $42.5547 , $44.3487 , $0.2541 , $2.1860 
10/21/2021," $62,210.1719 "," $4,054.3228 ", $46.2566 , $1.0893 , $190.3184 , $40.9064 , $42.8465 , $0.2424 , $2.1366 
10/22/2021," $60,692.2656 "," $3,970.1819 ", $47.8305 , $1.0884 , $196.4315 , $43.6154 , $43.4494 , $0.2442 , $2.1542 
10/23/2021," $61,393.6172 "," $4,171.6636 ", $48.0758 , $1.0945 , $197.7039 , $43.1880 , $44.0500 , $0.2517 , $2.1668 
10/24/2021," $60,930.8359 "," $4,087.9031 ", $48.2862 , $1.0843 , $202.3620 , $41.4847 , $42.3857 , $0.2770 , $2.1234 
10/25/2021," $63,039.8242 "," $4,217.8770 ", $50.1543 , $1.0952 , $210.1043 , $42.7908 , $44.5266 , $0.2647 , $2.1441 
10/26/2021," $60,363.7930 "," $4,131.1021 ", $48.6767 , $1.1081 , $199.8073 , $43.8663 , $44.8839 , $0.2557 , $2.1388 
10/27/2021," $58,482.3867 "," $3,930.2573 ", $44.5341 , $0.9955 , $183.7746 , $39.8734 , $40.4105 , $0.2377 , $1.9132 
10/28/2021," $60,622.1367 "," $4,287.3188 ", $47.1716 , $1.0588 , $194.8640 , $42.9565 , $41.8617 , $0.3004 , $1.9882 
10/29/2021," $62,227.9648 "," $4,414.7466 ", $48.8691 , $1.0815 , $200.1828 , $45.5764 , $44.0736 , $0.2879 , $2.0122 
10/30/2021," $61,888.8320 "," $4,325.6504 ", $47.4686 , $1.0839 , $195.4161 , $43.3382 , $42.7478 , $0.2683 , $1.9574 
10/31/2021," $61,318.9570 "," $4,288.0742 ", $48.5686 , $1.1132 , $202.4210 , $42.8898 , $42.7421 , $0.2802 , $1.9650 
11/1/2021," $61,004.4063 "," $4,324.6270 ", $50.1502 , $1.0929 , $203.5451 , $44.0593 , $49.9823 , $0.2717 , $1.9500 
11/2/2021," $63,226.4023 "," $4,584.7988 ", $53.3345 , $1.1362 , $220.2396 , $44.7555 , $51.6314 , $0.2731 , $1.9714 
11/3/2021," $62,970.0469 "," $4,607.1938 ", $57.9910 , $1.2088 , $242.8988 , $48.0618 , $53.4437 , $0.2694 , $2.0637 
11/4/2021," $61,452.2305 "," $4,537.3242 ", $59.4403 , $1.2020 , $247.3878 , $51.9224 , $53.8817 , $0.2633 , $1.9849 
11/5/2021," $61,125.6758 "," $4,486.2432 ", $56.9586 , $1.1615 , $236.4743 , $49.9733 , $51.8947 , $0.2615 , $1.9862 
11/6/2021," $61,527.4805 "," $4,521.5811 ", $60.9241 , $1.1525 , $258.9343 , $51.1798 , $52.0092 , $0.2619 , $2.0066 
11/7/2021," $63,326.9883 "," $4,620.5547 ", $59.3701 , $1.2175 , $249.8235 , $50.6132 , $52.2780 , $0.2663 , $2.0219 
11/8/2021," $67,566.8281 "," $4,812.0874 ", $59.9438 , $1.2824 , $248.4672 , $54.1578 , $53.3485 , $0.2824 , $2.1244 
11/9/2021," $66,971.8281 "," $4,735.0688 ", $57.3390 , $1.2589 , $239.2131 , $50.2353 , $50.7794 , $0.2735 , $2.2735 
11/10/2021," $64,995.2305 "," $4,636.1743 ", $55.4983 , $1.1934 , $233.7795 , $48.7883 , $46.8713 , $0.2557 , $2.1018 
11/11/2021," $64,949.9609 "," $4,730.3843 ", $56.0081 , $1.2184 , $234.2408 , $50.5954 , $47.6476 , $0.2612 , $2.0855 
11/12/2021," $64,155.9414 "," $4,667.1152 ", $54.5725 , $1.1894 , $228.5021 , $49.5578 , $45.8808 , $0.2594 , $2.0458 
11/13/2021," $64,469.5273 "," $4,651.4604 ", $57.4392 , $1.1919 , $241.8250 , $52.1743 , $47.1291 , $0.2617 , $2.0531 
11/14/2021," $65,466.8398 "," $4,626.3589 ", $56.5644 , $1.1886 , $238.4255 , $51.0668 , $46.4018 , $0.2629 , $2.0409 
11/15/2021," $63,557.8711 "," $4,557.5039 ", $55.6226 , $1.1714 , $237.5536 , $48.0501 , $44.6887 , $0.2565 , $2.0156 
11/16/2021," $60,161.2461 "," $4,216.3652 ", $51.0989 , $1.0909 , $219.2390 , $43.2495 , $40.8993 , $0.2372 , $1.8772 
11/17/2021," $60,368.0117 "," $4,287.5938 ", $51.2967 , $1.0963 , $218.7152 , $43.1472 , $42.7083 , $0.2375 , $1.8755 
11/18/2021," $56,942.1367 "," $4,000.6509 ", $46.3113 , $1.0420 , $195.4874 , $40.2830 , $39.0460 , $0.2214 , $1.7883 
11/19/2021," $58,119.5781 "," $4,298.3066 ", $50.3590 , $1.0915 , $215.2800 , $42.4236 , $41.2610 , $0.2331 , $1.8648 
11/20/2021," $59,697.1953 "," $4,409.9312 ", $51.4074 , $1.0976 , $218.0153 , $45.1165 , $42.0604 , $0.2330 , $1.9217 
11/21/2021," $58,730.4766 "," $4,269.7329 ", $53.3362 , $1.0602 , $231.2826 , $43.6024 , $42.0057 , $0.2263 , $1.8398 
11/22/2021," $56,289.2891 "," $4,088.4578 ", $49.8820 , $1.0366 , $215.7373 , $41.0738 , $39.4479 , $0.2197 , $1.7766 
11/23/2021," $57,569.0742 "," $4,340.7637 ", $51.3933 , $1.0671 , $221.8369 , $42.6877 , $40.7910 , $0.2265 , $1.7505 
11/24/2021," $56,280.4258 "," $4,239.9814 ", $49.7664 , $1.0421 , $214.9215 , $41.3571 , $39.3694 , $0.2218 , $1.6864 
11/25/2021," $57,274.6797 "," $4,274.7432 ", $47.9424 , $1.0319 , $206.2530 , $40.0457 , $38.4559 , $0.2163 , $1.6513 
11/26/2021," $53,569.7656 "," $4,030.9089 ", $44.8883 , $0.9364 , $191.5117 , $40.7667 , $34.3859 , $0.2009 , $1.5284 
11/27/2021," $54,815.0781 "," $4,096.9121 ", $45.8136 , $0.9472 , $193.1022 , $43.8941 , $35.1867 , $0.2053 , $1.5461 
11/28/2021," $57,248.4570 "," $4,294.4536 ", $48.2179 , $0.9688 , $200.6767 , $50.0968 , $35.7651 , $0.2075 , $1.5929 
11/29/2021," $57,806.5664 "," $4,445.1050 ", $49.3325 , $0.9920 , $204.3194 , $51.7035 , $37.1627 , $0.2152 , $1.6025 
11/30/2021," $57,005.4258 "," $4,631.4790 ", $51.5197 , $0.9988 , $208.6710 , $59.7183 , $37.9605 , $0.2147 , $1.5549 
12/1/2021," $57,229.8281 "," $4,586.9902 ", $55.5920 , $0.9909 , $229.7992 , $64.2315 , $36.7733 , $0.2095 , $1.5477 
12/2/2021," $56,477.8164 "," $4,511.3022 ", $56.4721 , $0.9723 , $233.9930 , $66.1844 , $35.7579 , $0.2097 , $1.7154 
12/3/2021," $53,598.2461 "," $4,220.7061 ", $51.8130 , $0.9222 , $211.2244 , $63.3352 , $33.6395 , $0.2000 , $1.5566 
12/4/2021," $49,200.7031 "," $4,119.5874 ", $51.4161 , $0.8470 , $201.1248 , $75.5564 , $29.3688 , $0.1789 , $1.4207 
12/5/2021," $49,368.8477 "," $4,198.3228 ", $49.1565 , $0.8056 , $196.1683 , $68.1056 , $28.3101 , $0.1713 , $1.3781 
12/6/2021," $50,582.6250 "," $4,358.7373 ", $48.6945 , $0.8283 , $194.1992 , $67.2859 , $28.2495 , $0.1784 , $1.4254 
12/7/2021," $50,700.0859 "," $4,315.0615 ", $48.7504 , $0.8186 , $190.5969 , $68.9844 , $30.5439 , $0.1768 , $1.3819 
12/8/2021," $50,504.7969 "," $4,439.3579 ", $50.3282 , $0.8633 , $194.6217 , $75.0377 , $29.8705 , $0.1792 , $1.3971 
12/9/2021," $47,672.1211 "," $4,119.8159 ", $46.1546 , $0.8613 , $181.1781 , $66.4766 , $26.9519 , $0.1695 , $1.2904 
12/10/2021," $47,243.3047 "," $3,908.4961 ", $42.9194 , $0.8011 , $167.9548 , $60.9307 , $26.4539 , $0.1644 , $1.2117 
12/11/2021," $49,362.5078 "," $4,084.4524 ", $43.6785 , $0.8393 , $171.9495 , $59.9844 , $27.7747 , $0.1690 , $1.3542 
12/12/2021," $50,098.3359 "," $4,134.4531 ", $44.5531 , $0.8413 , $173.4317 , $61.9194 , $29.6090 , $0.1699 , $1.3473 
12/13/2021," $46,737.4805 "," $3,784.2268 ", $39.3493 , $0.7829 , $155.2131 , $52.7458 , $25.9711 , $0.1576 , $1.2253 
12/14/2021," $46,612.6328 "," $3,745.4404 ", $39.8311 , $0.7962 , $153.3414 , $57.2773 , $26.1684 , $0.1802 , $1.2228 
12/15/2021," $48,896.7227 "," $4,018.3887 ", $44.8890 , $0.8274 , $178.3408 , $61.5270 , $27.1458 , $0.1811 , $1.3118 
12/16/2021," $47,665.4258 "," $3,962.4697 ", $44.9235 , $0.8062 , $176.9547 , $64.3230 , $26.0431 , $0.1735 , $1.2405 
12/17/2021," $46,202.1445 "," $3,879.4866 ", $44.6779 , $0.7993 , $175.5033 , $65.7127 , $24.6630 , $0.1690 , $1.2199 
12/18/2021," $46,848.7773 "," $3,960.8601 ", $47.4274 , $0.8274 , $182.8351 , $73.9959 , $25.4908 , $0.1724 , $1.2425 
12/19/2021," $46,707.0156 "," $3,922.5925 ", $47.5608 , $0.8350 , $180.0981 , $78.2259 , $24.7914 , $0.1696 , $1.2447 
12/20/2021," $46,880.2773 "," $3,933.8445 ", $47.0124 , $0.8798 , $173.6718 , $82.0668 , $24.0507 , $0.1673 , $1.2382 
12/21/2021," $48,936.6133 "," $4,020.2600 ", $49.1895 , $0.9476 , $180.0925 , $87.4506 , $25.1942 , $0.1712 , $1.2809 
12/22/2021," $48,628.5117 "," $3,982.0996 ", $48.9575 , $0.9547 , $178.5971 , $85.4756 , $27.2161 , $0.1732 , $1.3280 
12/23/2021," $50,784.5391 "," $4,108.0156 ", $52.6090 , $0.9933 , $190.0363 , $93.8543 , $29.1111 , $0.1845 , $1.4747 
12/24/2021," $50,822.1953 "," $4,047.9829 ", $52.8127 , $0.9120 , $190.2732 , $95.9722 , $28.1395 , $0.1866 , $1.3924 
12/25/2021," $50,429.8594 "," $4,093.2810 ", $53.7853 , $0.9248 , $193.1209 , $98.1843 , $28.8378 , $0.1907 , $1.4535 
12/26/2021," $50,809.5156 "," $4,067.3281 ", $55.2702 , $0.9212 , $198.0007 , $99.7203 , $31.3328 , $0.1900 , $1.4560 
12/27/2021," $50,640.4180 "," $4,037.5476 ", $53.2942 , $0.9262 , $195.4295 , $90.8005 , $30.9087 , $0.1877 , $1.5129 
12/28/2021," $47,588.8555 "," $3,800.8931 ", $48.8551 , $0.8530 , $177.4256 , $85.3683 , $27.9071 , $0.1741 , $1.4023 
12/29/2021," $46,444.7109 "," $3,628.5317 ", $47.2961 , $0.8167 , $170.6576 , $84.0593 , $26.7444 , $0.1678 , $1.3308 
12/30/2021," $47,178.1250 "," $3,713.8521 ", $47.9004 , $0.8396 , $172.7512 , $84.7119 , $27.5678 , $0.1713 , $1.3604 
12/31/2021," $46,306.4453 "," $3,682.6328 ", $47.4672 , $0.8312 , $170.2991 , $85.4725 , $26.7197 , $0.1705 , $1.3102 
1/1/2022," $47,686.8125 "," $3,769.6970 ", $50.1436 , $0.8495 , $178.5179 , $91.3606 , $28.5836 , $0.1730 , $1.3770 
1/2/2022," $47,345.2188 "," $3,829.5649 ", $49.6495 , $0.8591 , $176.3828 , $89.3717 , $29.7312 , $0.1744 , $1.3776 
1/3/2022," $46,458.1172 "," $3,761.3804 ", $48.5794 , $0.8329 , $170.2977 , $88.7487 , $30.1051 , $0.1701 , $1.3216 
1/4/2022," $45,897.5742 "," $3,794.0566 ", $47.2671 , $0.8247 , $167.9389 , $84.5811 , $28.7777 , $0.1688 , $1.3117 
1/5/2022," $43,569.0039 "," $3,550.3870 ", $39.3106 , $0.7744 , $155.0997 , $78.5938 , $-   , $0.1594 , $1.2360 
1/6/2022," $43,160.9297 "," $3,418.4082 ", $38.5155 , $0.7813 , $150.4314 , $78.4400 , $-   , $0.1602 , $1.2798 
1/7/2022," $41,557.9023 "," $3,193.2104 ", $34.5338 , $0.7631 , $136.4028 , $68.6705 , $-   , $0.1550 , $1.2115 
1/8/2022," $41,733.9414 "," $3,091.9727 ", $35.2555 , $0.7477 , $142.5135 , $66.9321 , $-   , $0.1520 , $1.1875 
1/9/2022," $41,911.6016 "," $3,157.7515 ", $36.2323 , $0.7545 , $140.8390 , $74.4753 , $-   , $0.1511 , $1.1739 
1/10/2022," $41,821.2617 "," $3,083.0979 ", $34.5695 , $0.7393 , $135.9549 , $69.4512 , $-   , $0.1434 , $1.1281 
1/11/2022," $42,735.8555 "," $3,238.1116 ", $35.9942 , $0.7706 , $140.1839 , $73.6723 , $-   , $0.1534 , $1.1851 
1/12/2022," $43,949.1016 "," $3,372.2583 ", $43.8930 , $0.7995 , $151.7031 , $82.0697 , $27.3195 , $0.1617 , $1.3045 
1/13/2022," $42,591.5703 "," $3,248.2886 ", $42.0018 , $0.7683 , $146.0100 , $77.9985 , $25.8289 , $0.1720 , $1.2332 
1/14/2022," $43,099.6992 "," $3,310.0015 ", $42.9579 , $0.7743 , $146.1590 , $81.6268 , $27.7129 , $0.1835 , $1.2909 
1/15/2022," $43,177.3984 "," $3,330.5308 ", $44.2292 , $0.7814 , $147.8012 , $87.5745 , $27.7368 , $0.1851 , $1.2963 
1/16/2022," $43,113.8789 "," $3,350.9219 ", $44.1401 , $0.7790 , $147.8565 , $86.9559 , $27.6651 , $0.1772 , $1.4073 
1/17/2022," $42,250.5508 "," $3,212.3049 ", $40.8939 , $0.7627 , $139.9260 , $77.1822 , $25.7274 , $0.1711 , $1.5941 
1/18/2022," $42,375.6328 "," $3,164.0251 ", $37.4241 , $0.7526 , $141.5872 , $80.5739 , $-   , $0.1655 , $1.4655 
1/19/2022," $41,744.3281 "," $3,095.8259 ", $40.5696 , $0.7397 , $135.7924 , $81.2515 , $24.1296 , $0.1624 , $1.3418 
1/20/2022," $40,680.4180 "," $3,001.1201 ", $38.2191 , $0.7194 , $127.2053 , $76.9917 , $22.9849 , $0.1552 , $1.2581 
1/21/2022," $36,457.3164 "," $2,557.9316 ", $33.0585 , $0.6357 , $111.9661 , $64.8368 , $19.6463 , $0.1426 , $1.1232 
1/22/2022," $35,030.2500 "," $2,405.1812 ", $29.4630 , $0.5960 , $94.1784 , $62.5744 , $18.2299 , $0.1329 , $1.0667 
1/23/2022," $36,276.8047 "," $2,535.0391 ", $31.6814 , $0.6288 , $99.5782 , $69.7886 , $18.8288 , $0.1419 , $1.1224 
1/24/2022," $36,654.3281 "," $2,440.3523 ", $29.5787 , $0.6121 , $91.6502 , $65.9687 , $18.0367 , $0.1378 , $1.0666 
1/25/2022," $36,954.0039 "," $2,455.9351 ", $29.6169 , $0.6176 , $94.7204 , $62.8283 , $18.3486 , $0.1430 , $1.0436 
1/26/2022," $36,852.1211 "," $2,468.0303 ", $28.5003 , $0.6221 , $92.2380 , $58.8420 , $18.0768 , $0.1438 , $1.0790 
1/27/2022," $37,138.2344 "," $2,423.0012 ", $24.2916 , $0.6088 , $89.6325 , $54.3235 , $-   , $0.1412 , $1.0435 
1/28/2022," $37,784.3320 "," $2,547.0920 ", $23.9529 , $0.6125 , $91.3129 , $50.5994 , $-   , $0.1417 , $1.0506 
1/29/2022," $38,138.1797 "," $2,597.0847 ", $24.8063 , $0.6169 , $96.2235 , $50.7948 , $-   , $0.1431 , $1.0596 
1/30/2022," $37,917.6016 "," $2,603.4666 ", $23.5585 , $0.6032 , $93.2977 , $46.2734 , $-   , $0.1395 , $1.0375 
1/31/2022," $38,483.1250 "," $2,688.2788 ", $25.6491 , $0.6191 , $99.7388 , $52.3428 , $-   , $0.1418 , $1.0523 
2/1/2022," $38,411.6875 "," $2,755.9497 ", $30.2878 , $0.6218 , $108.3984 , $51.8834 , $19.6176 , $0.1425 , $1.0629 
MINIMUM," $29,807.35 "," $1,369.04 ", $3.93 , $0.37 , $4.61 , $1.79 , $-   , $0.03 , $0.40 
MAXIMUM," $67,566.83 "," $4,812.09 ", $60.92 , $1.84 , $258.93 , $99.72 , $53.88 , $0.68 , $2.97 
